"Html","Json","Chars","Star"
"D:\AI Pj\Qmlmreader\html\articles\Engels\fan-du-lin-lun.html","NOT_FOUND","0",""
"D:\AI Pj\Qmlmreader\html\articles\Engels\jia-ting-si-you-zhi-he-guo-jia-de-qi-yuan.html","D:\AI Pj\Qmlmreader\data\articles-json\★★★★★\jia-ting-si-you-zhi-he-guo-jia-de-qi-yuan.json","116774","★★★★★"
"D:\AI Pj\Qmlmreader\html\articles\Lenin\di-guo-zhu-yi-shi-zi-ben-zhu-yi-de-zui-gao-jie-duan.html","NOT_FOUND","0",""
"D:\AI Pj\Qmlmreader\html\articles\Lenin\guo-jia-yu-ge-ming.html","NOT_FOUND","0",""
"D:\AI Pj\Qmlmreader\html\articles\Lenin\lun-wo-guo-ge-ming.html","NOT_FOUND","0",""
"D:\AI Pj\Qmlmreader\html\articles\Lenin\ma-ke-si-zhu-yi-de-san-ge-lai-yuan.html","NOT_FOUND","0",""
"D:\AI Pj\Qmlmreader\html\articles\Lenin\wei-wu-zhu-yi-he-jing-yan-pi-pan-zhu-yi.html","NOT_FOUND","0",""
"D:\AI Pj\Qmlmreader\html\articles\Lenin\zen-me-ban.html","NOT_FOUND","0",""
"D:\AI Pj\Qmlmreader\html\articles\Mao\lun-chi-jiu-zhan.html","NOT_FOUND","0",""
"D:\AI Pj\Qmlmreader\html\articles\Mao\lun-shi-da-guan-xi.html","NOT_FOUND","0",""
"D:\AI Pj\Qmlmreader\html\articles\Mao\mao-dun-lun.html","NOT_FOUND","0",""
"D:\AI Pj\Qmlmreader\html\articles\Mao\nong-min-yun-dong.html","NOT_FOUND","0",""
"D:\AI Pj\Qmlmreader\html\articles\Mao\ren-min-nei-bu-mao-dun.html","NOT_FOUND","0",""
"D:\AI Pj\Qmlmreader\html\articles\Mao\shi-jian-lun.html","NOT_FOUND","0",""
"D:\AI Pj\Qmlmreader\html\articles\Mao\wen-yi-zuo-tan.html","NOT_FOUND","0",""
"D:\AI Pj\Qmlmreader\html\articles\Mao\xin-min-zhu.html","NOT_FOUND","0",""
"D:\AI Pj\Qmlmreader\html\articles\Mao\xue-xi-shi-ju.html","NOT_FOUND","0",""
"D:\AI Pj\Qmlmreader\html\articles\Mao\you-ji-zhan.html","NOT_FOUND","0",""
"D:\AI Pj\Qmlmreader\html\articles\Mao\zhan-lue-wen-ti.html","NOT_FOUND","0",""
"D:\AI Pj\Qmlmreader\html\articles\Mao\zhan-zheng-zhan-lue.html","NOT_FOUND","0",""
"D:\AI Pj\Qmlmreader\html\articles\Marx\1844-nian-jing-ji-xue-zhe-xue-shou-gao.html","D:\AI Pj\Qmlmreader\data\articles-json\★★★☆☆\1844-nian-jing-ji-xue-zhe-xue-shou-gao.json","9548","★★★☆☆"
"D:\AI Pj\Qmlmreader\html\articles\Marx\de-yi-zhi-yi-xing-tai.html","NOT_FOUND","0",""
"D:\AI Pj\Qmlmreader\html\articles\Marx\ge-da-gang-ling.html","NOT_FOUND","0",""
"D:\AI Pj\Qmlmreader\html\articles\Marx\gongchan-dan-yuan.html","NOT_FOUND","0",""
"D:\AI Pj\Qmlmreader\html\articles\Marx\guan-yu-fei-er-ba-ha-de-ti-gang.html","NOT_FOUND","0",""
"D:\AI Pj\Qmlmreader\html\articles\Marx\hei-ge-er-fa-zhe-xue-pi-pan-dao-yan.html","D:\AI Pj\Qmlmreader\data\articles-json\★★★★☆\hei-ge-er-fa-zhe-xue-pi-pan-dao-yan.json","10504","★★★★☆"
"D:\AI Pj\Qmlmreader\html\articles\Stalin\dao-lunen.html","NOT_FOUND","0",""
"D:\AI Pj\Qmlmreader\html\articles\Stalin\lun-lunen-zhu-yi-ji-chu.html","NOT_FOUND","0",""
"D:\AI Pj\Qmlmreader\html\articles\Stalin\lun-zhongguo-ge-ming-de-qiantu.html","NOT_FOUND","0",""
